jobName,transcript
common_voice_en_101064.mp3,"Okay, I think they perceived that nothing was to be done at the moment."
common_voice_en_101107.mp3,"I'm going to guide you across the desert, the alchemist said."
common_voice_en_103233.mp3,He carried two dead hawks over his shoulder.
common_voice_en_105799.mp3,The railway station was locked up by the police.
common_voice_en_106457.mp3,He decided to concentrate on more practical matters.
common_voice_en_107507.mp3,Where do you get it?
common_voice_en_111714.mp3,The men were terrified at his sorcery.
common_voice_en_111931.mp3,The girl at the Booth sold 50 bonds.
common_voice_en_11254.mp3,"As the flag unfurled, they all heart like wild beasts."
common_voice_en_11351573.mp3,Christmas you don't like him.
common_voice_en_11351651.mp3,"Yeah, yesterday I asked my doctor for a new prescription."
common_voice_en_11351964.mp3,What do you associate with Iceland?
common_voice_en_115779.mp3,Can I have one of those?
common_voice_en_11820530.mp3,The cake will be ready in 17 minutes.
common_voice_en_11820795.mp3,See the player Scoot to 3rd Base.
common_voice_en_12566778.mp3,"Yeah, Hunger is good Mustard the best source."
common_voice_en_126424.mp3,"If a person is living ours destiny, he knows everything he needs to know."
common_voice_en_127170.mp3,Now his intuition was that he had been right and coming.
common_voice_en_12724466.mp3,A Deputy Representative.
common_voice_en_127331.mp3,But there is a tribal or the boy reiterated.
common_voice_en_127362.mp3,You must understand that love never keeps a man from pursuing his destiny.
common_voice_en_127364.mp3,What do you want here today That is it asked him.
common_voice_en_136339.mp3,LUCY is a newspaper woman.
common_voice_en_136345.mp3,Did you ever walk into this office?
common_voice_en_136366.mp3,one of these days is tomorrow.
common_voice_en_136369.mp3,These are not camels.
common_voice_en_136372.mp3,The fumes from the traffic was unbearable.
common_voice_en_136379.mp3,"This pepperoni tastes off, she said."
common_voice_en_137782.mp3,What's it all about?
common_voice_en_137795.mp3,Tranquility is the first duty of citizens.
common_voice_en_141144.mp3,You better take it easy.
common_voice_en_142201.mp3,He's a fanatic.
common_voice_en_143209.mp3,Let's go hiking across France.
common_voice_en_143601.mp3,I wonder what's eating that old money grubbing buzzard anyway.
common_voice_en_1513.mp3,At first glance it was really not very exciting.
common_voice_en_153111.mp3,So how will we name all these hurricanes?
common_voice_en_153674.mp3,They were on the right track.
common_voice_en_155752.mp3,That's why I want you to continue towards your goal.
common_voice_en_15733997.mp3,The urge to read short stories is rare.
common_voice_en_15734560.mp3,The ashtray was empty.
common_voice_en_15734626.mp3,The phone call got interrupted due to unknown reasons.
common_voice_en_15752515.mp3,I'm feeling a little tipsy.
common_voice_en_15903317.mp3,The mother sat in the courtroom.
common_voice_en_164400.mp3,Her hair flowed down her back.
common_voice_en_164988.mp3,Improving the public transport system would help avoid traffic gems.
common_voice_en_165000.mp3,How are You?
common_voice_en_165554.mp3,And eventually man will nourish your son's where the game will once again flourish.
common_voice_en_16623999.mp3,Mutes little instruments on the bridge of the violin didn't mean the sound.
common_voice_en_16624487.mp3,I think that is all.
common_voice_en_16665829.mp3,When you hear the bell come quickly.
common_voice_en_168236.mp3,"Because I've always heard about them, the boy answered, saying nothing about history."
common_voice_en_17147386.mp3,Smoke poured out of every crack.
common_voice_en_17245817.mp3,Brown is a bag and from its trap.
common_voice_en_17246114.mp3,Do you notice the flickering of the neon lights?
common_voice_en_17248185.mp3,Does that imply I can no longer play badminton?
common_voice_en_17248858.mp3,Try to make eye contact with a stranger on the bus and hold it for five seconds without speaking.
common_voice_en_17248859.mp3,Hey stop staring at my dick olivier.
common_voice_en_17249486.mp3,Did you rewind the cassette?
common_voice_en_17249524.mp3,"Well, we shall see."
common_voice_en_17249564.mp3,"As they watched the waves crashing into each other, Alice Thought of Home Yeah!"
common_voice_en_17249946.mp3,"It's a long way to Tipperary, it's a long way to go."
common_voice_en_17250847.mp3,"I wanted the dull, but the auction became too expensive."
common_voice_en_17252662.mp3,Where Did you find that Apple?
common_voice_en_17253558.mp3,And What is That?
common_voice_en_17253570.mp3,Grime rust and residual particles polluted the air.
common_voice_en_17260185.mp3,Have you ever been to Singapore?
common_voice_en_17261288.mp3,Darling could you grab me some throat candy down at the local chemist?
common_voice_en_17261756.mp3,"For example, Colombia chile Argentina and Venezuela."
common_voice_en_17265793.mp3,A comment came within miles of the Earth it's almost obliterated the Moon.
common_voice_en_17265953.mp3,You can lead a horse to water but you can't make him drink.
common_voice_en_17266880.mp3,The C plus plus framework cutie is pronounced like cute.
common_voice_en_17266990.mp3,What Does It Do?
common_voice_en_17271943.mp3,What else Can I do?
common_voice_en_17277871.mp3,Will You marry Me?
common_voice_en_17283180.mp3,How long have you been experiencing these symptoms?
common_voice_en_17284218.mp3,The new little prohibit smoking and public transportation systems.
common_voice_en_17285567.mp3,I thought we'd already agreed that we couldn't risk that information falling into his hands.
common_voice_en_17289148.mp3,"That guy over there likes to drink a lot, talk a lot, but do nothing."
common_voice_en_17289467.mp3,"Yeah man, I think I got friend zoned once again."
common_voice_en_17289600.mp3,How old are You?
common_voice_en_17290524.mp3,Did you hear anything?
common_voice_en_17314174.mp3,Not to know how to sign 1's name.
common_voice_en_17355285.mp3,Why are we doing this again?
common_voice_en_17369592.mp3,Silence gives consent.
common_voice_en_17369641.mp3,Please make sure your recordings are not cut off.
common_voice_en_17375676.mp3,The bright lanterns were gay on the dark lawn.
common_voice_en_17376237.mp3,There is a thin line between love and hate.
common_voice_en_17376246.mp3,The pod is what peas always grow in.
common_voice_en_17390910.mp3,Rich here Poor hereafter.
common_voice_en_17394025.mp3,A cloud of dust stung his tender eyes.
common_voice_en_17401437.mp3,Did You really Think It through?
common_voice_en_17407334.mp3,This coat is fur lined.
common_voice_en_17412635.mp3,I. Retrieved the crop with a pallet jack.
common_voice_en_17418035.mp3,Mhm. That's comparing apples and oranges.
common_voice_en_17428767.mp3,What's In It For Me?
common_voice_en_17454138.mp3,The marshal freeze been cold enough.
common_voice_en_17488872.mp3,Agriculture was a very important achievement in human history.
common_voice_en_174956.mp3,Get Catherine at the bulletin on the phone.
common_voice_en_17509285.mp3,The future has never been so bright then today.
common_voice_en_17524531.mp3,How Do You know it?
common_voice_en_176477.mp3,I've seen guys like you go Under before.
common_voice_en_17693201.mp3,I'm a Detective not a Communist.
common_voice_en_17725281.mp3,What Has He done?
common_voice_en_17728045.mp3,The general breed you need to pay.
common_voice_en_17731243.mp3,I sped to work.
common_voice_en_17746452.mp3,"Back to our Original Plan, I think."
common_voice_en_17768477.mp3,To air is human to forgive divine.
common_voice_en_17779685.mp3,The bark of the pine tree was shiny and dark.
common_voice_en_17790012.mp3,The thal came early and freed the stream.
common_voice_en_17790038.mp3,So are you planning to order a taxi?
common_voice_en_17830225.mp3,"Yeah, it's no use crying over spilt milk."
common_voice_en_17847125.mp3,With distinctly separated sounds.
common_voice_en_178647.mp3,"I'm sorry, it's impossible."
common_voice_en_178689.mp3,There Ain't any More.
common_voice_en_178722.mp3,They say it's a fake.
common_voice_en_178814.mp3,Mhm. What would you say about that?
common_voice_en_17887508.mp3,Albert Einstein was a german physicist who developed the theory of relativity.
common_voice_en_178908.mp3,Mhm under construction is simply translated to superfund playground.
common_voice_en_179052.mp3,It was not clear who had the right of way since the traffic lights were off.
common_voice_en_179080.mp3,The chairlift took them up the mountain.
common_voice_en_17909038.mp3,When are we leaving for the party?
common_voice_en_17940430.mp3,Let me know by the 13th.
common_voice_en_18019178.mp3,Mhm We can just grab the artist movement with they will show the question of second order.
common_voice_en_18033938.mp3,What else Can I do?
common_voice_en_18033985.mp3,What Is It Boss?
common_voice_en_18034125.mp3,"Japanese culture is incredibly addictive, their buildings look amazing."
common_voice_en_18034138.mp3,Do you understand what it means?
common_voice_en_18066484.mp3,Is anything the matter?
common_voice_en_18066515.mp3,A wise man doesn't need advice and a full won't take it.
common_voice_en_18066548.mp3,Phil will you take a stance on this matter?
common_voice_en_18121401.mp3,Foxes are uncommon where I'm from.
common_voice_en_18121610.mp3,A Symphony.
common_voice_en_18128676.mp3,I lost the last thursday.
common_voice_en_18133815.mp3,This lamp is quite nice.
common_voice_en_18165270.mp3,That would be funny if he did.
common_voice_en_18212861.mp3,I'm literally a flying pony.
common_voice_en_18247065.mp3,"In the country of the blind, the one eyed Man is King."
common_voice_en_18263613.mp3,Why does the china sauce packs feel sticky?
common_voice_en_18283868.mp3,The engine will be sent via politicized delivery.
common_voice_en_18315407.mp3,It's the strap hangers that will keep us from going under.
common_voice_en_18330135.mp3,Then there was the campaign.
common_voice_en_18333597.mp3,The dog clothes.
common_voice_en_18400466.mp3,Is that a translation or merely a transliteration?
common_voice_en_18414452.mp3,I arose obediently and went down the beach.
common_voice_en_18455743.mp3,My daughter is hoping to volunteer the nature reserve.
common_voice_en_18458792.mp3,Can Mats explain everything?
common_voice_en_18460263.mp3,I think as a conventional model can solve this problem.
common_voice_en_18460368.mp3,Contributions gratefully received.
common_voice_en_18466177.mp3,Did he received from his position?
common_voice_en_18497173.mp3,I looked in the mirror.
common_voice_en_18522034.mp3,We spoke often.
common_voice_en_18536557.mp3,It has a cascading effect.
common_voice_en_185403.mp3,We didn't steal it.
common_voice_en_18543164.mp3,"However, Jury men would have done just as well."
common_voice_en_18545816.mp3,We are all my servants.
common_voice_en_1858127.mp3,Go Now and Come Here Later.
common_voice_en_18582599.mp3,My Guardian said directly he would go to.
common_voice_en_18586876.mp3,"No, my lady, I'm telling him."
common_voice_en_18594331.mp3,That's my protectors get more a full support.
common_voice_en_18606573.mp3,I have no time to waste.
common_voice_en_18606766.mp3,She lives the same life still.
common_voice_en_18607551.mp3,It was so good of her and so encouraging to me.
common_voice_en_18618683.mp3,The Local council looks after municipal needs.
common_voice_en_18620730.mp3,Then he bet first more over the woman.
common_voice_en_18642330.mp3,"How do You know I'm Mad, said Alice."
common_voice_en_18645755.mp3,"Despite these divergences and opinions, people can agree on some common views."
common_voice_en_18651702.mp3,I was about to about the stairs.
common_voice_en_18658046.mp3,I saw a ford focus for sale.
common_voice_en_18667644.mp3,Oh behave!
common_voice_en_18712607.mp3,The mountain pass at the top of the canyon is known as parleys Summit.
common_voice_en_18712946.mp3,Part of this was also attributed to a downturn in the telecommunications sector.
common_voice_en_18712978.mp3,"The founding members were alexander von l Cliftonville Distillery, knock my Eola Park and Old Park."
common_voice_en_18713112.mp3,These products appeal to the masses and encourage conformity to the consumers.
common_voice_en_18721495.mp3,"Right, the city also hosts a number of national and international ice speedway events."
common_voice_en_18721552.mp3,A line that is decreasing has a negative rise okay.
common_voice_en_18725466.mp3,"While earning his degree in physical education, Bugle was an All Conference Garden linebacker."
common_voice_en_18752363.mp3,"He attended dr morgan's Grammar School, Bridgewater, where he met kim Newman."
common_voice_en_18774563.mp3,"The second of nine Children, both of his parents were practicing Catholics."
common_voice_en_18783262.mp3,The first Barham also represented to morph into Parliament as a Conservative.
common_voice_en_18799881.mp3,Blue roofs can provide a number of benefits depending on design.
common_voice_en_18804504.mp3,Virgil Herb took holidays walking stick.
common_voice_en_18810142.mp3,Near and offers as he has too many super villains before to augment shades power.
common_voice_en_18815984.mp3,"De Rosa was born in Passaic, New jersey."
common_voice_en_18827255.mp3,"His father Owen, was executed as a traitor."
common_voice_en_18842190.mp3,The increase in incarceration led to prison overcrowding.
common_voice_en_18874049.mp3,"She was displaced, I just go away by job board."
common_voice_en_18880409.mp3,Mark Hampshire soon joined as the band's original bassist.
common_voice_en_18880434.mp3,He was the center's first paid staff member.
common_voice_en_18890753.mp3,"Yeah, Amy was the daughter of the figure of ST Stephen's church, Spring Street, Hull yeah."
common_voice_en_18893592.mp3,Warming centres typically open during particularly cold or rainy nights.
common_voice_en_18893760.mp3,Several prostaglandin E synthesis have been identified.
common_voice_en_18893834.mp3,Fuji District was dissolved as a result of this merger Okay.
common_voice_en_18906287.mp3,"After graduation he returned home to Arizona, where he began a straw practice."
common_voice_en_18940209.mp3,Face Head has received praise for its distinctive sound and lyrics.
common_voice_en_18945564.mp3,This was later adopted by the Army.
common_voice_en_18974994.mp3,A new limit to the number of pets allowed pet owner was also added.
common_voice_en_18979043.mp3,"For a left handed percussionist, the legs and hands are switched."
common_voice_en_18979234.mp3,"He secured the support of Honor Montebello, who plays good soon thereafter."
common_voice_en_18986688.mp3,"Soon after this rediscovery boubacar, his wife died during childbirth okay?"
common_voice_en_18993276.mp3,No roads were ever built and no earthworks or materials were ever bought.
common_voice_en_18995663.mp3,mr Darcy's praise occupied the chief of it.
common_voice_en_18998721.mp3,India Blue of the Current Champions.
common_voice_en_19005836.mp3,The beck was born at Nuremberg in the electorate of saxony.
common_voice_en_19005838.mp3,The insight was critical in developing the modern science of solid mechanics.
common_voice_en_19009502.mp3,"Shapiro was later replaced by ralph Barnes, though he later rejoined the group."
common_voice_en_19017444.mp3,Most broadcasts are only a few minutes to a few hours at a time.
common_voice_en_19018878.mp3,For this he was named Disney Legend.
common_voice_en_19059251.mp3,Welding also required fewer man hours in construction.
common_voice_en_19059278.mp3,This reflects a prevailing tension between legal unilateralism and multilateralism.
common_voice_en_19059320.mp3,"For that reason, many market terrians have switched to fret or scroll saw techniques."
common_voice_en_19061389.mp3,Beach parking is subject to solve the island Wildlife Area parking permits.
common_voice_en_19062865.mp3,The economy of Asakura is primarily based on agriculture.
common_voice_en_19066810.mp3,Laurel new Jersey.
common_voice_en_19073079.mp3,Another much admired work of his was the Campanile of the Church of Santo Spirito.
common_voice_en_19073081.mp3,Some operators manage these challenges by purchasing extra buses.
common_voice_en_19079890.mp3,It is predicted to increase in a stable growth rate in the coming years.
common_voice_en_19081425.mp3,The Monday to Friday of Peak Services two trains per hour each way.
common_voice_en_19090338.mp3,The district is centered on Huntington Beach.
common_voice_en_19098582.mp3,"Despite the absence of a body, Goran strongly believes that Valerie is dead Mhm."
common_voice_en_19131319.mp3,MM The park is located in the Pilbara region and is mostly tropical semi arid climate.
common_voice_en_19206647.mp3,"Yeah, but the titles also rather obscure not to the Beatles revolver."
common_voice_en_19260807.mp3,He developed several improvements in railroad signaling system that increased railway safety.
common_voice_en_19260808.mp3,"Other writers included Wh bolton, Melvin Purpose and Harry Whitaker among many others."
common_voice_en_19265335.mp3,Peter finally surrenders when an american missiles pointed at him.
common_voice_en_19265400.mp3,Its editor in chief is Mohammed a f North.
common_voice_en_19349711.mp3,Only son customers with paid support contracts have access to updates for production releases.
common_voice_en_19374617.mp3,They live in Oxley in South Surrey.
common_voice_en_19388558.mp3,George was the Chairman of the Society of Black Engineers Publications Committee.
common_voice_en_19411153.mp3,Hello slash stock with the virus I called paladin yeah.
common_voice_en_19419442.mp3,And in this case we were wrong.
common_voice_en_19429298.mp3,The stadium has since been heavily damaged by looters.
common_voice_en_19439770.mp3,The relevant language of Oman.
common_voice_en_19455843.mp3,This has not stopped fans from creating a set of rules that Dragon Poker.
common_voice_en_19463757.mp3,"And two days later, operations from thesis ended."
common_voice_en_19500490.mp3,They may be read as texts in a variety of ways.
common_voice_en_19511657.mp3,It is useful for investigating the effects of irradiation on high temperature superconductors.
common_voice_en_19530419.mp3,The track the supermarket starts back with crossed T fuck of bypass and loss.
common_voice_en_19533514.mp3,The album was recorded Randy's in Kingston Jamaica.
common_voice_en_19547443.mp3,"However, it was an international success."
common_voice_en_19547558.mp3,That quickly was murdered by his favorite slave.
common_voice_en_19547602.mp3,If you don't have the suit lay down any other card Mhm.
common_voice_en_19547711.mp3,"one would receive a sharp wind from it, but there is no pain."
common_voice_en_195599.mp3,That's what makes it romantic.
common_voice_en_195601.mp3,Mhm. He slipped on the stairs.
common_voice_en_195604.mp3,Much ado about nothing.
common_voice_en_19576243.mp3,Your head does not take yeah.
common_voice_en_19593195.mp3,Still and I was added to the liquid.
common_voice_en_19596026.mp3,Some examples of the music played for the dancers have survived.
common_voice_en_19598826.mp3,"A half Cup of Prefect, he shows a notable streak of modesty in fairness."
common_voice_en_196033.mp3,10 years not like the rest of Africa.
common_voice_en_196040.mp3,"But I'm going to Egypt, the boy said."
common_voice_en_19607900.mp3,Almost every asset class is managed both internally and externally.
common_voice_en_19610290.mp3,He was buried at o neill Cemetery in his own town of Jasper Alabama.
common_voice_en_19612307.mp3,Body means awakening or enlightenment.
common_voice_en_19624455.mp3,Artist fake Mooney's use skywriting for his Cloud Cloud project.
common_voice_en_19638712.mp3,Identity It will reply to his friend dr Lee.
common_voice_en_19640568.mp3,He designed the first school and the church in the colony.
common_voice_en_19646658.mp3,"Don't you think that's being rather modest, the lawyer replied."
common_voice_en_19646773.mp3,"His rooms were on staircase, see 1st court and known as the cubicle."
common_voice_en_19646795.mp3,One particularly rigorous aspect of studio classes is to critique or review.
common_voice_en_19653084.mp3,In continental europe letters proved equally popular.
common_voice_en_19653804.mp3,John Wick Locke was born and raised in Springfield Missouri.
common_voice_en_19654165.mp3,The Biological Systems Matrix includes enhancements for extended plant life and cropped maceration.
common_voice_en_19654246.mp3,There are several camping locations throughout Leach Field.
common_voice_en_19665853.mp3,You will bring these persons performing this afternoon.
common_voice_en_19666054.mp3,College in Bangalore India.
common_voice_en_19669556.mp3,ACUTE uric acid nephew apathy is associated with little or no urine output.
common_voice_en_19670623.mp3,"two years later, Mary Elle Wobbly became the first president of the museum."
common_voice_en_19671958.mp3,"He continues every place I have tried it, it grows with no work."
common_voice_en_19674018.mp3,Agriculture is the main economic activity.
common_voice_en_19676045.mp3,He also made the front cover of sports illustrated following his five game winning streak.
common_voice_en_19676110.mp3,"The horror show starts off with a pyrotechnic stage show, complete with actors."
common_voice_en_19676189.mp3,Mountain Point is a part of the Temp Union High School District.
common_voice_en_19677873.mp3,Actions of the President must be approved by the commission.
common_voice_en_19687171.mp3,The ultra accelerator injection gives Derek the power he needs to change the past Yeah.
common_voice_en_19687856.mp3,Mongolians traditionally were afraid of misfortunes and believed in good and bad omens.
common_voice_en_19694692.mp3,Investigations performed by the police could find no explanation for the phenomenon.
common_voice_en_19697120.mp3,Pet sitters monitor a number of different animals.
common_voice_en_19703082.mp3,"At the time, many units served as both ambulances and funeral vehicles called combinations."
common_voice_en_19729857.mp3,Got it Kristen nine lives just spending Haskell specific Bradley Boston real share.
common_voice_en_19741834.mp3,The format would soon evolve to rhythmic all this under program director Rick thomas.
common_voice_en_19743064.mp3,Legs harry with spurs absent on tibia.
common_voice_en_19753210.mp3,Dancers are often accompanied by the contra bass or the guitar.
common_voice_en_19763501.mp3,All species of Safa qasar threatened ranging from vulnerable to critically endangered.
common_voice_en_19766146.mp3,"Following her recognition, Ng famine underwent her regularly scheduled overhaul at the Todd shipyard."
common_voice_en_19769312.mp3,It was there that she met her fellow student Henry moore.
common_voice_en_19777401.mp3,These were suitable for engaging fast torpedo boats.
common_voice_en_19779814.mp3,The larger issue of denominational school funding remains extremely controversial in the products.
common_voice_en_19789288.mp3,Some of the restaurants continue to be privately owned by Okay.
common_voice_en_19794290.mp3,"Echoes name was suggested by Halpern's initial backer, ketchup heiress Drew Hinds."
common_voice_en_19794489.mp3,"I thought jimmy, lots of the harm, much like cars because of the fight."
common_voice_en_19794762.mp3,Okay Rothmans has been involved in a number of lawsuits in Canada.
common_voice_en_19810294.mp3,Read afterwards described Ambrose as the best prime minister Canada never had.
common_voice_en_19817244.mp3,"He let a report a few months later, Just Sovereign got himself killed."
common_voice_en_19817866.mp3,"In banking, but it take a terrible deck of bus credit Mhm."
common_voice_en_19820737.mp3,It has numerous thorns long.
common_voice_en_19840580.mp3,"It essentially consisted of the country of North and billing, excluding the township of monogamy itself."
common_voice_en_19846142.mp3,Just Call on taliban.
common_voice_en_19852698.mp3,Bouchard served as opposition leader while God bought remained leader of the Liberal Party.
common_voice_en_19853491.mp3,The bill will need to be reintroduced in order to be considered again.
common_voice_en_19858895.mp3,He was a kind of figure in your beds.
common_voice_en_19859109.mp3,"Lately he has adopted a podcast, a dress code."
common_voice_en_19870995.mp3,There are also disappear you're smart battery which don't lower the physic cabin.
common_voice_en_19871717.mp3,"The diploma is awarded upon successful completion of the course, which includes four units."
common_voice_en_19871724.mp3,The unusual strategy worked and the yellowjackets upset Notre Dam.
common_voice_en_198884.mp3,Don't see Those things.
common_voice_en_19893470.mp3,Have actually fast growing suspicions in London and someone to start the charges stuck elsewhere.
common_voice_en_19943217.mp3,Marron has been slightly more competitive when voting for governor.
common_voice_en_19944007.mp3,The Imperial Army imposed strict censorship.
common_voice_en_19953873.mp3,"Elsewhere, the track was elevated frequently over long distances on timber pilings."
common_voice_en_19959908.mp3,At the northwestern periphery of the town of the drift consists of recently blown sand.
common_voice_en_19989612.mp3,No ground Effect train has entered regular commercial service.
common_voice_en_19996880.mp3,"In this case, an agency adds a service fee to the net price."
common_voice_en_20005769.mp3,"For brand, um leaves pertain to concepts without the latter, there can be no former."
common_voice_en_20013431.mp3,A Sardines wrote the books no dig gardening and leaves of life.
common_voice_en_20029446.mp3,Lucas also served as the Associate artistic Director.
common_voice_en_20031188.mp3,Other groups include the Christchurch Archery Club and You brought It Long Borders Club.
common_voice_en_20031190.mp3,The word al Rinker means the sun and finish yeah.
common_voice_en_20031921.mp3,The papers of William Miller are preserved in the archives at Aurora University.
common_voice_en_20068567.mp3,"Today, however, it's seven volumes are generally considered to be a single novel."
common_voice_en_20103455.mp3,The patrick thomas is dead almost entirely of that guy's duty and like construction.
common_voice_en_20106002.mp3,"But the lead fell considerably in the following days, polls."
common_voice_en_20112398.mp3,L. Opportunity competing these airlines are offered a doll to give bears.
common_voice_en_20112691.mp3,After lucY been calling My Time to the Bank Touch.
common_voice_en_20112886.mp3,On a big occasions the best cyber capable popular song.
common_voice_en_20113858.mp3,He also invented many other related inventions.
common_voice_en_20114610.mp3,"He enjoyed sailing, owning two boats at Salle Comb in Devon."
common_voice_en_20120109.mp3,"Although oil has been discovered near Fanis, the town's population has remained small."
common_voice_en_20139229.mp3,We Kill it teaches Aish Hatorah College cure stories.
common_voice_en_20149531.mp3,There is no wheelchair access to the platform.
common_voice_en_20150272.mp3,Grand Canaria has road encircling the whole island and extending into the mountain areas.
common_voice_en_20150345.mp3,His brother Mark is also a former professional footballer.
common_voice_en_20166622.mp3,In the late carboniferous tropical rainforests lay over the equator of your America.
common_voice_en_20166747.mp3,The sun awning was printed with the respective country flags.
common_voice_en_20168221.mp3,"kim Marie was surgery called nakata, of which Camry was a major city."
common_voice_en_20170426.mp3,"The frustration and, and uh, your sunglasses as like a father to the ground."
common_voice_en_20170443.mp3,"Just with Right, she loves him."
common_voice_en_20170497.mp3,"Okay, that's part of publicity all cars has never got over the World Championship Yeah."
common_voice_en_20175145.mp3,As well as at least four unnamed family plots.
common_voice_en_20177067.mp3,Global warming has occurred rapidly over the course of the past half century.
common_voice_en_20179040.mp3,A soundtrack was released by Universal Music Group.
common_voice_en_20212198.mp3,"The renaissance was dedicated to john Petrucci, his wife renaissance Petrucci."
common_voice_en_20212898.mp3,Onslaught was assaulted by the Avengers before he could pick up the words Hammer.
common_voice_en_20219197.mp3,This is the expected or preferred direction of the angular random variables.
common_voice_en_202198.mp3,"MM Woman in white sweater holding a drink, talking to man in jacket."
common_voice_en_20220400.mp3,Laura refused to testify against Nixon or any other Watergate figure.
common_voice_en_20230377.mp3,The general topography of the province is characterized by uplifted plantation services.
common_voice_en_20236100.mp3,Nah booze cult spread to ancient Egypt.
common_voice_en_20238716.mp3,Caribou River flows through the city.
common_voice_en_20252419.mp3,And the politan anthology it is said that they established lyrics sunk.
common_voice_en_20271420.mp3,"It stimulates an open sided, so fire ride through the savanna of East africa."
common_voice_en_20282479.mp3,"Okay, it is located in a valley in Poland."
common_voice_en_20284799.mp3,Yeah Anton a santa fe railroad Executive.
common_voice_en_20287592.mp3,AL dust alone is largely responsible for the long term regulation of blood pressure.
common_voice_en_20287741.mp3,The Luck School District serves the village.
common_voice_en_20303621.mp3,"The young girl introduces herself as Laura, lean an office to act as his guide."
common_voice_en_20313133.mp3,"Fans of johnny Mathis can thank mr Livingston for all the time, among others."
common_voice_en_20357673.mp3,He played legion baseball in oxford pennsylvania.
common_voice_en_20365739.mp3,Murrysville is within the Franklin Regional School District.
common_voice_en_20379322.mp3,The latter beach is located at the foot of Men's Great.
common_voice_en_20379353.mp3,But I don't think the dead but a but it sounds much better.
common_voice_en_20393273.mp3,During winters grew to more heavy wall pointers to protect against cold.
common_voice_en_20424049.mp3,"Early on, it was major opponent of a perceived Americanizing of the church."
common_voice_en_20482206.mp3,Both families had only ocular features.
common_voice_en_20501378.mp3,"More public commissions followed, including the statue of James Larkin on Dublin's O'Connell Street."
common_voice_en_205348.mp3,And the alchemists understood that the boy's heart had returned to the soul of the world.
common_voice_en_20644615.mp3,"You speak out Virginia, that is for me a lot of codes."
common_voice_en_20655582.mp3,Checked out food I really have become much more common.
common_voice_en_20665475.mp3,Temperature advocation of the sub tax allow it to be after by planet change.
common_voice_en_20704603.mp3,"The genus name is derived from ancient greek, Medalis, black and Netta Duck."
common_voice_en_20713037.mp3,The Czech educator Armenia's based his work Januvia in guar um misurata on this text.
common_voice_en_20713189.mp3,The philadelphia Eagles signed him out of Grand Valley State University.
common_voice_en_20726398.mp3,Godzilla smash is a tower that has a self destruct button that makes the island unstable.
common_voice_en_20730614.mp3,This directive popular with the North because of bacon with another party.
common_voice_en_20743390.mp3,"Of the Various Sciences, Business Studies A Lot of Studies."
common_voice_en_20757720.mp3,You just look here in the North to step up our University.
common_voice_en_20768932.mp3,This term applies to officer points on a circle or any atmosphere.
common_voice_en_20782002.mp3,The saturated temporary fellows are upstairs with packed on the compression quality.
common_voice_en_20827577.mp3,"Alimony and hydroxide is sometimes mistakenly called alum, which properly refers to aluminum potassium sulfate."
common_voice_en_20835064.mp3,It was also the last album released by James William Garcia's Caribou Records.
common_voice_en_20847440.mp3,Why doesn't he do it Why isn't he doing it?
common_voice_en_20870824.mp3,The capital of the present date Nation state of a key um bozo May is a key um swear drew Mhm.
common_voice_en_20872057.mp3,I learned so much from them and made some great friends.
common_voice_en_20919386.mp3,"William Randolph Hard appointed Alice Morehead, initially as assistant editor."
common_voice_en_20934336.mp3,"Today there was attempts to develop the work of local artisans, especially in ceramics."
common_voice_en_20957061.mp3,Chaka was notable for her work as a conceptual artist.
common_voice_en_20970003.mp3,It is also illegal in many parts of europe to declawed Cat Yeah.
common_voice_en_20971183.mp3,"According to Emily harper, I hear mixed opinions from the fans."
common_voice_en_20989616.mp3,Among these movements with zionism as promoted by Theodore Hertzel.
common_voice_en_210810.mp3,The process of encrypting the hash value of a message is called digital signature.
common_voice_en_210816.mp3,There are many spoons.
common_voice_en_21090921.mp3,They are nicknamed Constitution or the constitutes.
common_voice_en_21101015.mp3,"Being a peninsula, the sea has long been vital to Gibraltar's transport links."
common_voice_en_21101018.mp3,Ruse was named after James Ruse known as Australia's 1st Farmer.
common_voice_en_21101104.mp3,"However, his filament had low resistance, thus needing heavy copper wires to supply it."
common_voice_en_21101413.mp3,It's all about dates.
common_voice_en_21101868.mp3,Pete Bodenheimer and Slava's Adjani also contributed to set development.
common_voice_en_21203250.mp3,Thereby the matter has been deprived of practical significance or rendered purely academic.
common_voice_en_21206781.mp3,Traditional cause drum majors are effective showman who command the Cause and all venues.
common_voice_en_21209796.mp3,Mono has released nine studio albums.
common_voice_en_21209954.mp3,She's absolutely cool about it.
common_voice_en_21224752.mp3,My stupor can scarcely have lasted beyond a few seconds.
common_voice_en_21224864.mp3,The character is usually depicted as an enemy of the X men.
common_voice_en_21256484.mp3,"The main parks are Galveston Park, Killed, Home Lane Park and Kiwi Park."
common_voice_en_212902.mp3,I didn't find the blow dryer so I just used the vacuum.
common_voice_en_21337950.mp3,There are many variants of the puzzle.
common_voice_en_21359215.mp3,This is also a pragmatic view adopted by a number of scholars.
common_voice_en_21400020.mp3,"The battle resulted in immense casualties, one of whom was rosemary."
common_voice_en_21419594.mp3,Many of his outdoor nudes were painted there.
common_voice_en_21453189.mp3,A total of six games were released in J. Card format.
common_voice_en_21467255.mp3,The starting blocks consist of two adjustable foot plates attached to a rigid frame.
common_voice_en_214805.mp3,Policemen are investigating in this case.
common_voice_en_21595337.mp3,The story is written with extraordinary language and a brilliant style.
common_voice_en_21636766.mp3,Dwayne won the silver A meter award in Colombia as a vocal soloist.
common_voice_en_21636854.mp3,Roberts Media is wholly owned by veteran broadcaster Larry roberts.
common_voice_en_216435.mp3,He was my brother.
common_voice_en_21655964.mp3,Sliced Carbon Ozzy is also a popular pizza topping.
common_voice_en_21670025.mp3,The corrections divisions has its offices in Gibson Hall.
common_voice_en_21692099.mp3,All seven seasons are also currently available through Canadian subscription to Netflix.
common_voice_en_21692180.mp3,"If I give it up now, my wife would lead me."
common_voice_en_21692191.mp3,Her magical specialty is blowing things up.
common_voice_en_21692334.mp3,When Donna Primary School is on Kyra Avenue.
common_voice_en_21740047.mp3,"After the election, a coalition government was formed by the Conservative and Liberal members."
common_voice_en_21754122.mp3,A unique feature of this pistol model is the unloading device.
common_voice_en_21758325.mp3,The gate attendant simply scans the code displayed on the phone.
common_voice_en_217979.mp3,Did she solve the riddle all by herself?
common_voice_en_21799750.mp3,"During the early period of Ottoman rule, Borat fell into severe decline."
common_voice_en_21858130.mp3,This means that potassium ions can no longer diffuse out of the cell.
common_voice_en_21876544.mp3,"After retiring, the Hugo became a radio announcer for the Cuban Winter League."
common_voice_en_22000544.mp3,COx continued Frazier's policies and made a few administrative changes Mhm.
common_voice_en_22015002.mp3,The progressive format did not last at that station.
common_voice_en_22021740.mp3,These were sold through christian bookstores and related outlets.
common_voice_en_22058527.mp3,The integer arithmetic instructions use the integer operate instruction formats.
common_voice_en_22066401.mp3,Council was born in south bend indiana.
common_voice_en_22069033.mp3,The skeleton comes magically to life and becomes terry bubble a live dinosaur skeleton.
common_voice_en_22085337.mp3,A somewhat disjunctive population is found in the Eastern Ghats.
common_voice_en_22093418.mp3,The Formoso High School mascot was Formoso falcons.
common_voice_en_221058.mp3,Three armed tribesmen approached and asked what the boy and the alchemist were doing there.
common_voice_en_22123935.mp3,"Other top 10 hits include Pineapple, Princess Let's get together and more."
common_voice_en_22153672.mp3,Injury prone in college discontinued as he set out his rookie season.
common_voice_en_22169757.mp3,Most acetic acid is prepared by this method.
common_voice_en_22169758.mp3,"Generally, the institute proposes tax increases such as Hawaii's General Excise Tax."
common_voice_en_22236698.mp3,The mayor is elected for four year terms.
common_voice_en_22238303.mp3,The original community of the institute's headquarter in one row of Michigan.
common_voice_en_22243022.mp3,High Overhead A Heaven 40.
common_voice_en_22278592.mp3,Mhm It is named for the Portuguese explorer Vasco da Gama.
common_voice_en_22281828.mp3,The heat experiment is then a body.
common_voice_en_22292203.mp3,"Cable was born in new milford Connecticut, where his father was a farmer."
common_voice_en_22293157.mp3,The doctrinal basis contains what evangelicals perceived as the biblical foundations of Christianity.
common_voice_en_22293250.mp3,"Sylvia wrote, performed and involved herself in various projects."
common_voice_en_22298703.mp3,The episodes are veered in the same way as the comics are released.
common_voice_en_22299614.mp3,He was expelled from the latter for Gross studied and sustained insolence.
common_voice_en_22299708.mp3,In china he passed the Civil Service examination.
common_voice_en_22314806.mp3,"The district had three staffed offices in Hammond, South Bend and four Trina."
common_voice_en_22319685.mp3,The Shadows at like the item and a single greedy but married.
common_voice_en_22400377.mp3,There he begins to discover things for himself and to rebel against his father.
common_voice_en_22443828.mp3,"It allows users to create public chat rooms, send private messages and use emoticons."
common_voice_en_22448486.mp3,Some famous supermarket chains are located outside new york Hill.
common_voice_en_22450047.mp3,This battle between companies is defended on both sides.
common_voice_en_22469350.mp3,The southern part of the county drains into the Canadian River.
common_voice_en_22474517.mp3,At a dance festival in peak experiences various dreams.
common_voice_en_22474530.mp3,"It was designed by ties, longtime collaborator designing team tycoon graphics for traffickers."
common_voice_en_22538758.mp3,Gordon no longer mentions boot laces and the two engines soon talk about trucks.
common_voice_en_22538759.mp3,Sulzberger was married three times.
common_voice_en_22732064.mp3,"Peacock was probably born in Wales and educated at Oriel College, Oxford."
common_voice_en_22748830.mp3,"Horror, in contrast, freezes and nearly annihilates them with this unambiguous displays of atrocity."
common_voice_en_22749688.mp3,mrs Gardner said she thought he put several women together to create the character.
common_voice_en_22758113.mp3,There are successful robot designs mating the two technologies.
common_voice_en_22758618.mp3,"However, his feelings towards the record were largely negative, leaving him depressed."
common_voice_en_22758699.mp3,"The genus includes the important group of culinary herbs, marjoram and Oregon A."
common_voice_en_22777441.mp3,"Well, he was nonetheless eager to express his gratitude to those who assisted him."
common_voice_en_22782853.mp3,The Governor of Research was bribed to transfer the fortress to France.
common_voice_en_22946921.mp3,It was also equipped with a deactivating liquid tank and underbelly spraying apparatus.
common_voice_en_22956489.mp3,Victory failed to live up to napoleon's expectations.
common_voice_en_23354713.mp3,He was later expelled by the Sarah Walk government due to failure to repay debt.
common_voice_en_23378201.mp3,The city inherits a very rich culture.
common_voice_en_23378504.mp3,"More recently, each of these groups tends to be treated as a separate subclass."
common_voice_en_23382844.mp3,Over three quarters of these death occurred in sub Saharan africa.
common_voice_en_23468156.mp3,"Although it was a commercial failure, it inspired scientists and inventors around the world."
common_voice_en_23497701.mp3,Court eunuchs could rise to positions of authority in the Empire.
common_voice_en_23497704.mp3,The text of his speech at ferris Hills can be found here.
common_voice_en_23621630.mp3,The osmosis between art and life is amazing.
common_voice_en_23660440.mp3,"The quantum mechanics, the cube in each study metric, is also known as the poorest metric."
common_voice_en_23720119.mp3,The jewel box cluster is one of the youngest known open clusters.
common_voice_en_23720198.mp3,The design of the present flag incorporates the elements from the two former flags.
common_voice_en_23729833.mp3,ST George's College was founded by the joseph fights as a boy's boarding school.
common_voice_en_23733153.mp3,In the early history of esteban Hanafi doctrine was not fully compliant.
common_voice_en_23734086.mp3,Precipitation is well distributed throughout the year.
common_voice_en_23765268.mp3,The northern boundary of the parish is marked by the River Want.
common_voice_en_23765980.mp3,He was a member of the board of the German Marshall Fund.
common_voice_en_23780248.mp3,One of the names provided is you'll beings.
common_voice_en_23794157.mp3,Mhm Little magically the church accepts the creed of the Evangelical Lutheran Church Yeah.
common_voice_en_23797829.mp3,Burleigh is a residential area.
common_voice_en_23801768.mp3,The villains are mostly ex crooks who want that area of the bridge for themselves.
common_voice_en_23803225.mp3,The waters are fine for kayaking and sailing.
common_voice_en_23803250.mp3,Mission planners were unaware of the existence of the trailers.
common_voice_en_23803612.mp3,"To speak of his death, so regardless, lee wounded her feelings."
common_voice_en_23815710.mp3,"During the scene in mr Renard's hotel room, a bellhop brings him a newspaper."
common_voice_en_23815830.mp3,Energy levels due to impurities deeper in the band gap are called deep levels.
common_voice_en_23820156.mp3,The Saga indicates that the Norwegians were divided into two groups.
